RewriteEngine On

RewriteRule ^sitemap.xml$ /sitemap_index.xml [R=301,L]

RewriteRule ^artist/ali-barker$ /product-category/ali-barker [R=301,L]
RewriteRule ^artist/alistair-parker$ /product-category/alistair-parker [R=301,L]
RewriteRule ^artist/andrew-kinmont$ /product-category/andrew-kinmont [R=301,L]
RewriteRule ^artist/anne-knight$ /product-category/anne-knight [R=301,L]
RewriteRule ^artist/anthony-gribbin$ /product-category/anthony-gribbin [R=301,L]
RewriteRule ^artist/ben-hughes$ /product-category/ben-hughes [R=301,L]
RewriteRule ^artist/bethany-fuller$ /product-category/bethany-fuller [R=301,L]
RewriteRule ^artist/bryn-davies$ /product-category/bryn-davies [R=301,L]
RewriteRule ^artist/catherine-evans-jones$ /product-category/catherine-evans-jones [R=301,L]
RewriteRule ^artist/christopher-turrell-watts$ /product-category/christopher-turrell-watts [R=301,L]
RewriteRule ^artist/clare-bates$ /product-category/clare-bates [R=301,L]
RewriteRule ^artist/clare-ellis$ /product-category/clare-ellis [R=301,L]
RewriteRule ^artist/daniel-john$ /product-category/daniel-john [R=301,L]
RewriteRule ^artist/david-andrews$ /product-category/david-andrews [R=301,L]
RewriteRule ^artist/david-brightmore$ /product-category/david-brightmore [R=301,L]
RewriteRule ^artist/david-broadfoot$ /product-category/david-broadfoot [R=301,L]
RewriteRule ^artist/david-grimbleby$ /product-category/david-grimbleby [R=301,L]
RewriteRule ^artist/david-john-pearson$ /product-category/david-john-pearson [R=301,L]
RewriteRule ^artist/faith-bebbington$ /product-category/faith-bebbington [R=301,L]
RewriteRule ^artist/frank-linnett$ /product-category/frank-linnett [R=301,L]
RewriteRule ^artist/garry-lawlan$ /product-category/garry-lawlan [R=301,L]
RewriteRule ^artist/gary-beach$ /product-category/gary-beach [R=301,L]
RewriteRule ^artist/grahame-ashcroft$ /product-category/grahame-ashcroft [R=301,L]
RewriteRule ^artist/hazel-thomson$ /product-category/hazel-thomson [R=301,L]
RewriteRule ^artist/helen-biles$ /product-category/helen-biles [R=301,L]
RewriteRule ^artist/helene-marie-gilmour$ /product-category/helene-marie-gilmour [R=301,L]
RewriteRule ^artist/ian-lawson$ /product-category/ian-lawson [R=301,L]
RewriteRule ^artist/jackie-stevens$ /product-category/jackie-stevens [R=301,L]
RewriteRule ^artist/jacqui-chapman$ /product-category/jacqui-chapman [R=301,L]
RewriteRule ^artist/jade-danford$ /product-category/jade-danford [R=301,L]
RewriteRule ^artist/james-murphy$ /product-category/james-murphy [R=301,L]
RewriteRule ^artist/jane-adams$ /product-category/jane-adams [R=301,L]
RewriteRule ^artist/jay-hampton$ /product-category/jay-hampton [R=301,L]
RewriteRule ^artist/jayne-hillis$ /product-category/jayne-hillis [R=301,L]
RewriteRule ^artist/jefferson-waters$ /product-category/jefferson-waters [R=301,L]
RewriteRule ^artist/jessica-a-stanley$ /product-category/jessica-arrowsmith-stanley [R=301,L]
RewriteRule ^artist/jim-smith$ /product-category/jim-smith [R=301,L]
RewriteRule ^artist/joanne-thompson$ /product-category/joanne-thompson [R=301,L]
RewriteRule ^artist/joe-thompson$ /product-category/joe-thompson [R=301,L]
RewriteRule ^artist/john-petch$ /product-category/john-petch [R=301,L]
RewriteRule ^artist/john-sutherst$ /product-category/john-sutherst [R=301,L]
RewriteRule ^artist/john-whitelaw$ /product-category/john-whitelaw [R=301,L]
RewriteRule ^artist/jon-paul-lavelle$ /product-category/jon-paul-lavelle [R=301,L]
RewriteRule ^artist/josie-jenkins$ /product-category/josie-jenkins [R=301,L]
RewriteRule ^artist/julie-james-turner$ /product-category/julie-james-turner [R=301,L]
RewriteRule ^artist/julie-jones$ /product-category/julie-jones [R=301,L]
RewriteRule ^artist/karen-gilbert$ /product-category/karen-gilbert [R=301,L]
RewriteRule ^artist/katherine-dereli$ /product-category/katherine-dereli [R=301,L]
RewriteRule ^artist/keith-sweeney$ /product-category/keith-sweeney [R=301,L]
RewriteRule ^artist/ken-lewis$ /product-category/ken-lewis [R=301,L]
RewriteRule ^artist/kirsten-little$ /product-category/kirsten-little [R=301,L]
RewriteRule ^artist/kristel-pillkahn$ /product-category/kristel-pillkahn [R=301,L]
RewriteRule ^artist/lorraine-harrison$ /product-category/lorraine-harrison [R=301,L]
RewriteRule ^artist/lottie-hulse$ /product-category/lottie-hulse [R=301,L]
RewriteRule ^artist/marianthi-lainas$ /product-category/marianthi-lainas [R=301,L]
RewriteRule ^artist/mark-chapman$ /product-category/mark-chapman [R=301,L]
RewriteRule ^artist/mark-mcgowan$ /product-category/mark-mcgowan [R=301,L]
RewriteRule ^artist/mark-nelson$ /product-category/mark-nelson [R=301,L]
RewriteRule ^artist/martin-jones$ /product-category/martin-jones [R=301,L]
RewriteRule ^artist/martin-kavanagh$ /product-category/martin-kavanagh [R=301,L]
RewriteRule ^artist/max-bullock$ /product-category/max-bullock [R=301,L]
RewriteRule ^artist/mike-rickett$ /product-category/mike-rickett [R=301,L]
RewriteRule ^artist/nathan-pendlebury$ /product-category/nathan-pendlebury [R=301,L]
RewriteRule ^artist/nicky-armstrong$ /product-category/nicky-armstrong [R=301,L]
RewriteRule ^artist/nicola-rowley$ /product-category/nicola-rowley [R=301,L]
RewriteRule ^artist/olga-snell$ /product-category/olga-snell [R=301,L]
RewriteRule ^artist/paul-anderson$ /product-category/paul-anderson [R=301,L]
RewriteRule ^artist/paul-r-francis$ /product-category/paul-r-francis [R=301,L]
RewriteRule ^artist/paul-vera-broadbent$ /product-category/paul-vera-broadbent [R=301,L]
RewriteRule ^artist/paula-tasker-lynch$ /product-category/paula-tasker-lynch [R=301,L]
RewriteRule ^artist/peter-corbett$ /product-category/peter-corbett [R=301,L]
RewriteRule ^artist/phil-mckay$ /product-category/phil-mckay [R=301,L]
RewriteRule ^artist/richard-pryke$ /product-category/richard-pryke [R=301,L]
RewriteRule ^artist/ricky-young$ /product-category/ricky-young [R=301,L]
RewriteRule ^artist/roy-munday$ /product-category/roy-munday [R=301,L]
RewriteRule ^artist/simon-job$ /product-category/simon-job [R=301,L]
RewriteRule ^artist/sophie-green$ /product-category/sophie-green [R=301,L]
RewriteRule ^artist/stephen-curtis$ /product-category/stephen-curtis [R=301,L]
RewriteRule ^artist/stephen-mcnally$ /product-category/stephen-mcnally [R=301,L]
RewriteRule ^artist/sue-lemasurier$ /product-category/sue-lemasurier [R=301,L]
RewriteRule ^artist/susan-aigelsreiter$ /product-category/susan-aigelsreiter [R=301,L]
RewriteRule ^artist/susan-finch$ /product-category/susan-finch [R=301,L]
RewriteRule ^artist/susan-lee-brown$ /product-category/susan-lee-brown [R=301,L]
RewriteRule ^artist/tony-evans$ /product-category/tony-evans [R=301,L]
RewriteRule ^artist/verity-breeze$ /product-category/verity-breeze [R=301,L]
RewriteRule ^artist/winston-douglas$ /product-category/winston-douglas [R=301,L]

RewriteRule ^pages/customers/buy-art.php$ /shop [R=301,L]
RewriteRule ^pages/customers/search-art.php$ /shop [R=301,L]
RewriteRule ^pages/gallery.php$ /exhibitions [R=301,L]
RewriteRule ^pages/exhibition-archive.php$ /exhibition-archive [R=301,L]
RewriteRule ^pages/video.php$ /blog [R=301,L]
RewriteRule ^pages/customers/framing.php$ /framing [R=301,L]
RewriteRule ^pages/customers/valuationandrestoration.php$ /valuation-restoration [R=301,L]
RewriteRule ^pages/customers/corporate-art.php$ /corporate-art [R=301,L]
RewriteRule ^pages/customers/case-studies.php$ /corporate-art [R=301,L]
RewriteRule ^pages/customers/commission-art.php$ /commission-art [R=301,L]
RewriteRule ^pages/customers/rent-art.php$ /corporate-art/rent-art [R=301,L]
RewriteRule ^pages/customers/register.php$ /about/mailing-list [R=301,L]
RewriteRule ^art-classes.php$ /art-classes [R=301,L]
RewriteRule ^weddings.php$ /weddings [R=301,L]
RewriteRule ^pages/news.php$ /blog [R=301,L]
RewriteRule ^pages/news-archive.php$ /blog [R=301,L]
RewriteRule ^pages/press.php$ /blog [R=301,L]
RewriteRule ^pages/press-archive.php$ /blog [R=301,L]
RewriteRule ^pages/press-releases.php$ /about/press-releases [R=301,L]
RewriteRule ^pages/about-us.php$ /about [R=301,L]
RewriteRule ^pages/customers/faqs2.php$ /about/faqs [R=301,L]
RewriteRule ^pages/testamonials.php$ /about [R=301,L]
RewriteRule ^pages/customers/legal.php$ /about [R=301,L]
RewriteRule ^pages/contact.php$ /about/contact [R=301,L]
RewriteRule ^pages/links.php$ /about [R=301,L]

# BEGIN W3TC Browser Cache
<IfModule mod_deflate.c>
    <IfModule mod_headers.c>
        Header append Vary User-Agent env=!dont-vary
    </IfModule>
        AddOutputFilterByType DEFLATE text/css text/x-component application/x-javascript application/javascript text/javascript text/x-js text/html text/richtext image/svg+xml text/plain text/xsd text/xsl text/xml image/x-icon application/json
    <IfModule mod_mime.c>
        # DEFLATE by extension
        AddOutputFilter DEFLATE js css htm html xml
    </IfModule>
</IfModule>
# END W3TC Browser Cache

# BEGIN WordPress
<IfModule mod_rewrite.c>
RewriteEngine On
RewriteBase /
RewriteRule ^index\.php$ - [L]
RewriteCond %{REQUEST_FILENAME} !-f
RewriteCond %{REQUEST_FILENAME} !-d
RewriteRule . /index.php [L]
</IfModule>
# END WordPress
